{"parameters": [{"std": [0.5801523571084336, 0.26752734841290504, 0.3786753937141023, 57.851654681515, 42.179657023767334, 41.66059176540981, 1.2225371240903655, 0.1455154060186993, 1.8135888790213626], "intercept": [-1.7619187706753103, -1.6595882233687014, -1.741392677018196, -1.7972422491790465, -1.8399982386640021], "matrix": [[0.06394039723918048, 0.05931674971158938, 0.3302369727503055, 0.028765677698104664, 0.05930178072688169, -0.10230079538164141, 1.1047158604521976, -0.012150299531539668, 1.5552793613715659], [-0.5412034163769511, -0.05992841117335446, -0.16526666067942075, -1.0725909091409114, -0.09919489152069105, -1.0648134295719052, -0.6495564371659405, -0.03379040407613415, -0.3571140428944112], [-0.10622736378179946, -0.3553040868494316, 0.022475078807723328, 1.515656577658945, 0.06451260822242842, 0.22453577023522758, 0.39371636913033853, -0.7452475328882753, -1.2117283364634441], [-0.13443756522759456, 0.5850980549090071, 0.2175939654315063, 0.7630520869864226, 0.07097138646532417, 0.568705680465145, -0.5758075357457082, 0.2468085767598874, -0.3569161954167716], [0.5179964429883576, -0.46027510750297823, -0.24469758101392777, -0.6797241242882789, -0.24279106634300424, 0.25358486838635924, -0.20477687142434067, 0.8472715759178681, -0.06234267420357077]], "mean": [1.4102500363636363, -0.009966755818181825, 0.3586488354545455, -4.747727272727273, 79.08860909090909, 22.479536363636363, -0.9257386479272723, -1.0483308562, -0.6773190965454545]}, {"std": [0.5390474883401829, 0.3303462053633375, 0.21484949212526247, 71.57840609186825, 44.70788095506652, 39.5708613476179, 1.2113822521923878, 0.12127797965254974, 1.0113689758803106], "intercept": [-1.8107794301965632, -2.119164524832481, -1.16823711265039, -1.9625673906185683, -1.8912206146358128], "matrix": [[-0.5382550874521048, 0.3126056829699425, 1.059640742364114, -0.2944792685490317, -0.514236275853397, 0.8516332397262605, -0.543419766238916, -0.1495346869502598, -0.175862863673668], [0.16499048414192258, -0.1981064829230736, -0.26391234356189797, -0.1196563436854278, 0.02366940221594789, 0.1967433016600332, 1.5818986610736387, 0.6120908104457675, 0.9767202448643623], [0.23311590114588304, -0.6499785174374664, -0.4644933130606955, 0.16624130598879833, -0.8077857134331815, 0.5226690757400723, 0.20550908889149944, 0.06975728891763021, -0.639458213661959], [-0.12028212615641411, 0.7650080457924963, -0.03165800014903318, 0.06716931261304813, 0.8261463752158825, 0.2800344314671057, -0.6662746096808325, -1.3885413695462123, 0.09416382716079996], [0.15764984836402554, -0.6039521848369644, -0.11107436275301115, 0.34373983514083123, 0.2956250288100405, -1.742792435936712, -0.12153389645254253, 0.21815584768567528, -0.25889699251800924]], "mean": [1.1033409800000002, -0.21439196559999998, 0.46317378600000003, 20.79124, 3.22876, -4.873740000000001, 0.6977868273200001, -1.3777786871400002, 0.005995789759999984]}, {"std": [0.5427547318166849, 0.38236384068714746, 0.3721449837980295, 64.56357375937688, 49.52758625295705, 55.28224374936405, 0.9818478768362545, 0.12263602442063637, 1.2621776417581463], "intercept": [-1.6030685647224374, -2.050450277044868, -1.8503142224673912, -1.3818333196385582, -1.7068466685860484], "matrix": [[0.2049643218674598, 1.2762857426424612, -0.03410924350044245, 0.6616352953722332, 0.24626388272405206, 0.15614713707300207, -0.8180258511923973, -0.9846657462731704, -0.12509804302613609], [-0.3990225991406038, 0.14218317289798577, -0.5121983553054683, -1.0683733086284029, 0.40426779608974533, 1.0074818565502235, 0.10091104559925537, 0.21728263501301426, 0.03767281314669011], [-0.20528222852382877, -0.030508357301618428, 0.025732207736958196, -0.041273127387276086, -0.6079854150307741, 0.09118102131371124, 1.8886905705110806, -0.056853372384560674, 0.08178416213388681], [-0.45986750044603253, -0.07425413721544794, 0.8454409700112426, 0.06708254313597381, 0.4481985520938578, -0.9524395713864017, -0.6597259998200367, 0.7635206683272268, -0.033449392325391424], [0.7218612194787257, -0.9969710156765843, -0.19177154629754664, 0.0976266567969261, -0.5587952319594187, -0.25559788257845784, -0.6734614744861115, -0.06283731766921664, 0.0712226212654717]], "mean": [1.1422297199999998, -0.05707456940000001, 0.23064644400000006, -39.23875, 105.48003, 35.267529999999994, -1.1838468212, -0.80620729276, -1.5226812259000004]}, {"std": [0.690635712068435, 0.5092316158248583, 0.29877825240820644, 68.12907722483997, 34.08261692741762, 78.9530240955642, 1.1478334214346717, 0.11909405810081891, 0.159438534187121], "intercept": [-2.1031205101062658, -1.5503707275449243, -1.5363216023055444, -1.8362434674604402, -1.8197201485356156], "matrix": [[-0.2355924573600929, 0.2746084210930692, 0.5487198016954831, 0.9403807328742422, 0.766703464357273, -1.2578285300471088, -0.7964957294469703, 0.6413936475217007, 0.31582829092015385], [-0.09109992554691412, -0.4275652707017901, -0.1266098483844474, -0.7469670522957127, -0.03626421984487864, 0.5611256239014909, -0.37935038003995003, 0.17178834512319316, 0.28756638005853147], [0.26483203893801166, -0.21855985527211794, -0.1117226486854942, -0.13045807255213168, -0.2913795935699105, 0.3629273248077565, -0.917268925858148, 0.6133333670879462, -0.7641264388157231], [0.1463590465471537, -0.3708593637089277, -0.29005287851291095, 0.2270171459132066, -0.4128237847085215, -0.4145921425475164, 1.7578491184003961, -0.20199087125377677, -0.4722994892851551], [-0.1713566869717905, 0.5051557943299959, 0.025123273193905695, -0.2058654789271108, -0.15043875286019207, 0.7087421304847035, -0.14923883838846722, -0.9413568734600157, 0.7917224609199219]], "mean": [1.4037293928571437, -0.28675281642857137, 0.35618819107142846, -95.48772321428571, 85.3046875, 71.73550892857143, -1.6826144855535714, -1.1372658586250002, -2.4263083628571427]}, {"std": [0.7489362168722972, 0.44458865802517344, 0.30208909592200134, 82.93502592151304, 34.980211707615695, 36.99048974955146, 0.9604541107696052, 0.14445264660670276, 1.4013869126278935], "intercept": [-1.639083454901117, -1.9597687085645388, -1.7578755810907167, -1.6449859053117757, -1.8899923951081177], "matrix": [[0.7229395524975764, 0.2870971267177977, -0.5944088282706722, -1.2362155258979874, -0.07240844518783873, -0.17370863778473844, -0.2819752714150233, 0.4519279746915421, -0.25623264996459394], [0.39121476282978024, 0.5080529181399634, -0.3548175148201375, 0.8335767920477725, -0.6589790835694018, 0.25841977371519737, -0.7619791167937517, -1.426526975867721, -0.7905388697948584], [-1.2076705491926283, 0.48132727002654574, 1.3614505294798391, -0.2623102187723373, 0.7017553658436744, -0.4332508257337025, -0.49101455810663, 0.08918228941466655, -0.23794211020733427], [-0.18250357821504976, -1.3246476685351625, -0.4503854682539187, 0.4125779245085929, 0.042744231865639526, -0.16277610006263718, 0.18487495372839619, 0.5711308909591628, -0.4932911277339403], [0.1399392386477823, 0.2087675974063248, -0.09289649522843064, 0.17209482246396848, -0.18794295447298276, 0.24852919157774953, 1.1381076288182408, 0.06122229774869732, 1.328193934473341]], "mean": [1.4353371071428571, -0.24283356964285718, 0.46888565178571434, 5.037928571428572, 58.39283035714285, -19.363839285714285, -0.4872437966607145, -0.9674234258392858, -0.4814403272321427]}]}
