{
  "parameters": [
    {
      "std": [
        0.46522227336308203,
        0.2393015802653928,
        0.42240549486583456,
        43.224389384089896,
        41.53063487732441,
        37.06505983469338,
        0.38202321125233274,
        0.150444463186167,
        2.609556135064663,
        0.5966509372937022,
        0.4923902495666534,
        0.6111128380750519,
        0.45602745183647364,
        0.5885397813662929,
        0.5496191795365964
      ],
      "intercept": [
        -2.066498755660594,
        -1.9623725154073322,
        -2.0750356793486135,
        -1.9615402239646915,
        -1.9177726614035702
      ],
      "matrix": [
        [
          0.49909173583856653,
          -0.0837301686232172,
          -0.7232194096593181,
          0.5707854853378838,
          -0.16653592587086885,
          -0.9721349287306911,
          -0.9521705285010658,
          0.2602319259296571,
          0.4606242320831473,
          0.2958156737078965,
          -0.07221972307109627,
          0.0858137215425622,
          -0.5938954143257639,
          -0.009331618388155419,
          0.24869570576629732
        ],
        [
          -0.5352477623326946,
          -0.21500889587581845,
          0.12383610687928542,
          -0.05536541038330696,
          -0.5173316872154259,
          -0.192713697107299,
          -0.2161569793410726,
          -0.3255630727746648,
          -0.5978668857996033,
          0.9747731149141289,
          0.0383796880560498,
          -0.17381735962418965,
          -0.3363176796853529,
          -1.7132940736547728,
          0.25937527290632895
        ],
        [
          -0.15575417705612543,
          0.04384890149213437,
          0.6442297378594554,
          0.15419754868113858,
          0.5251938092401941,
          -0.23833967757054647,
          -0.10309422615714092,
          -0.5109325035459482,
          -0.585830922570109,
          -0.5097659065922163,
          -0.9495686475347667,
          -0.056803803025087495,
          0.18518628540109525,
          0.6923373969748201,
          -0.49570292225717255
        ],
        [
          -0.19016728294211235,
          0.14638804340564035,
          0.2739831385612252,
          0.04762668846887555,
          -0.281315232638837,
          0.34040924018129004,
          0.49028490695765653,
          -0.010070136765343478,
          0.3045586888645472,
          -0.4504888494555989,
          1.0070371630626602,
          0.477214604820424,
          0.7790904710118814,
          0.4620748760591396,
          1.2024738695752735
        ],
        [
          0.38757933115172866,
          -0.3998723317086226,
          -0.490390951435176,
          -0.5452560596360458,
          -0.08391193823672764,
          0.7420607742389583,
          0.7906972096015595,
          0.6151807649597215,
          0.3488239035893888,
          -0.29530352306585905,
          0.07841411809511287,
          -0.3506962347745136,
          0.10607020433009116,
          0.3636045749474503,
          -1.3488662830356164
        ]
      ],
      "mean": [
        1.0665633859649124,
        -0.04754875350877193,
        0.2630799928070175,
        22.46163157894737,
        91.41335964912282,
        24.286184210526315,
        1.0852615614035086,
        -1.0854683157894733,
        1.548252456140351,
        -0.0676491928070175,
        0.09436024438596491,
        -0.1209141,
        0.2990143449122809,
        -0.07553753684210525,
        -0.1156527559649123
      ]
    },
    {
      "std": [
        0.4057032623480014,
        0.31280331319058086,
        0.3268521043614783,
        67.69127215347677,
        70.0187467356775,
        33.499278873858735,
        2.1265091283178137,
        0.07226827131089622,
        1.3568067770500933,
        0.4798758554067942,
        0.43147342421134743,
        0.4480957059215679,
        0.4668836330240053,
        0.5071351604842335,
        0.32733818439660023
      ],
      "intercept": [
        -2.0385480796486593,
        -1.9004341426563216,
        -1.9428780695696581,
        -2.1910906115505884,
        -2.0356929338285528
      ],
      "matrix": [
        [
          -0.17682061901281282,
          -0.04140055516150493,
          0.24958040009019444,
          -0.3820173935503184,
          0.18786080026547988,
          -0.04458014678117283,
          -0.1731322562745665,
          0.44668608736431414,
          -0.8491645715200861,
          0.4368571828103015,
          1.396568923190508,
          -0.023418193235787123,
          -0.32499994151494893,
          0.8936636448157105,
          -0.0911732706301785
        ],
        [
          -0.033480581616890735,
          -0.3173469446601584,
          0.1156689201195653,
          -0.5492036106153761,
          -0.6152177419225082,
          0.27568559866748776,
          0.9304590961225557,
          -0.4941224720557374,
          0.37065521894052217,
          -0.4904705951532881,
          0.4407889862954189,
          -0.9087781801114402,
          -0.0909237739118964,
          -0.6513293523356966,
          -0.09258296210250119
        ],
        [
          1.053026119762038,
          0.252587490590622,
          -0.44567372877632494,
          0.841357573211319,
          -0.4135299416809361,
          0.2693221237172989,
          -0.9775351353076406,
          0.6949672828773826,
          0.15234364506169865,
          -0.13750203456087742,
          -0.9594122704011498,
          -0.40122146152974225,
          -0.04897792577445586,
          0.3080156207235548,
          0.3943096594526189
        ],
        [
          -0.17767660431534796,
          0.5197310555258434,
          0.30848924630611574,
          -0.09698497560711362,
          0.5099167196208683,
          0.5961664764739354,
          -0.23420560222754574,
          -0.6987534763156357,
          0.015071895847112896,
          -0.21156559765627167,
          -0.2987334909790299,
          0.4102247579128588,
          1.2591976562857194,
          0.21411636974020784,
          0.8928115906733294
        ],
        [
          -0.577279789080408,
          -0.5478851061723555,
          0.06953004879925079,
          0.21085948008972744,
          -0.1366040543676898,
          -0.8367305531893343,
          0.17965538702186748,
          0.07957646015253195,
          0.25786283646964175,
          0.2526967002341028,
          -0.29377684256642045,
          0.6683746669288387,
          -0.5708586944328767,
          -0.026179588613839833,
          -1.2375348242805868
        ]
      ],
      "mean": [
        0.9555952857142856,
        -0.23587456135714277,
        0.6791447160714287,
        25.95644642857142,
        13.565857142857144,
        0.05580357142857143,
        -0.20877778571428587,
        -1.4014021428571426,
        0.7483261035714284,
        0.17888091071428575,
        0.025229787500000007,
        0.5917136875000001,
        0.1668607418749999,
        0.613482339107143,
        -0.11610434482142859
      ]
    },
    {
      "std": [
        0.4131658858619894,
        0.3442729194398764,
        0.5165126800981774,
        71.33533710162361,
        57.85140694082499,
        46.96106738350329,
        0.41710344002259364,
        0.1566656516672352,
        2.1266795044981524,
        0.49624795031810676,
        0.4264975239123872,
        0.5717528953136811,
        0.35874683166578053,
        0.42368976091315047,
        0.3083336705716486
      ],
      "intercept": [
        -1.9781354491342131,
        -1.9594341435135687,
        -1.7732290090883267,
        -2.0639449309997175,
        -1.9081974626138065
      ],